Title,Company,URL
(Senior) Backend Developer (Golang) (m/f/d),DATATRONiQ,https://berlinstartupjobs.com/engineering/senior-backend-developer-golang-m-f-d-datatroniq/
(Senior) Developer Fullstack (Typescript / Javascript / Node.js) (m/f/d),DATATRONiQ,https://berlinstartupjobs.com/engineering/senior-developer-fullstack-typescript-javascript-node-js-m-f-d-datatroniq/
Senior Python Developer (m/f/d),onu.energy,https://berlinstartupjobs.com/engineering/senior-python-developer-m-f-d-onu-energy/
Data Generalist (m/f/d),onu.energy,https://berlinstartupjobs.com/engineering/data-generalist-m-f-d-onu-energy-gmbh/
(Senior) Big Data Engineer *,GameDuell,https://berlinstartupjobs.com/engineering/senior-big-data-engineer-gameduell/
Full-Stack Engineer (m/w/d),Piano Software,https://berlinstartupjobs.com/engineering/full-stack-engineer-m-w-d-piano/
Back-End Engineer (m/w/d),Piano Software,https://berlinstartupjobs.com/engineering/back-end-engineer-m-w-d-piano-software-2/
Full Stack Engineer,Kialo,https://berlinstartupjobs.com/engineering/full-stack-engineer-kialo-gmbh/
Full-stack Engineer (m/w/d),AristanderAI,https://berlinstartupjobs.com/engineering/full-stack-engineer-m-w-d-aristanderai/
